transaction_id,client_id,asset_id,amount,date,name,join_date
T000000,C0072,A0048,11345.98,2020-01-01T00:00:00.000000000,Client 72,2018-03-14T00:00:00.000000000
T000001,C0041,A0000,18237.56,2020-01-01T01:00:00.000000000,Client 41,2018-02-11T00:00:00.000000000
T000004,C0007,A0037,16494.32,2020-01-01T04:00:00.000000000,Client 7,2018-01-08T00:00:00.000000000
T000006,C0094,A0004,16916.45,2020-01-01T06:00:00.000000000,Client 94,2018-04-05T00:00:00.000000000
T000007,C0033,A0045,11280.6,2020-01-01T07:00:00.000000000,Client 33,2018-02-03T00:00:00.000000000
T000009,C0095,A0008,14966.49,2020-01-01T09:00:00.000000000,Client 95,2018-04-06T00:00:00.000000000
T000011,C0090,A0009,15077.26,2020-01-01T11:00:00.000000000,Client 90,2018-04-01T00:00:00.000000000
T000015,C0068,A0021,12278.28,2020-01-01T15:00:00.000000000,Client 68,2018-03-10T00:00:00.000000000
T000016,C0048,A0016,13041.01,2020-01-01T16:00:00.000000000,Client 48,2018-02-18T00:00:00.000000000
T000021,C0091,A0010,18598.63,2020-01-01T21:00:00.000000000,Client 91,2018-04-02T00:00:00.000000000
T000023,C0067,A0009,13300.84,2020-01-01T23:00:00.000000000,Client 67,2018-03-09T00:00:00.000000000
T000025,C0050,A0020,17731.04,2020-01-02T01:00:00.000000000,Client 50,2018-02-20T00:00:00.000000000
T000026,C0096,A0027,10093.43,2020-01-02T02:00:00.000000000,Client 96,2018-04-07T00:00:00.000000000
T000032,C0013,A0020,12320.62,2020-01-02T08:00:00.000000000,Client 13,2018-01-14T00:00:00.000000000
T000033,C0018,A0025,12576.38,2020-01-02T09:00:00.000000000,Client 18,2018-01-19T00:00:00.000000000
T000035,C0022,A0007,12581.56,2020-01-02T11:00:00.000000000,Client 22,2018-01-23T00:00:00.000000000
T000039,C0080,A0039,22920.61,2020-01-02T15:00:00.000000000,Client 80,2018-03-22T00:00:00.000000000
T000044,C0033,A0010,19722.17,2020-01-02T20:00:00.000000000,Client 33,2018-02-03T00:00:00.000000000
T000045,C0081,A0039,11835.9,2020-01-02T21:00:00.000000000,Client 81,2018-03-23T00:00:00.000000000
T000048,C0052,A0027,10150.87,2020-01-03T00:00:00.000000000,Client 52,2018-02-22T00:00:00.000000000
T000051,C0064,A0041,14710.96,2020-01-03T03:00:00.000000000,Client 64,2018-03-06T00:00:00.000000000
T000053,C0056,A0007,11616.84,2020-01-03T05:00:00.000000000,Client 56,2018-02-26T00:00:00.000000000
T000054,C0020,A0009,14028.8,2020-01-03T06:00:00.000000000,Client 20,2018-01-21T00:00:00.000000000
T000055,C0067,A0039,10517.79,2020-01-03T07:00:00.000000000,Client 67,2018-03-09T00:00:00.000000000
T000056,C0020,A0043,13167.64,2020-01-03T08:00:00.000000000,Client 20,2018-01-21T00:00:00.000000000
T000057,C0062,A0009,14951.36,2020-01-03T09:00:00.000000000,Client 62,2018-03-04T00:00:00.000000000
T000059,C0078,A0034,21461.76,2020-01-03T11:00:00.000000000,Client 78,2018-03-20T00:00:00.000000000
T000060,C0038,A0031,13857.57,2020-01-03T12:00:00.000000000,Client 38,2018-02-08T00:00:00.000000000
T000067,C0071,A0049,11257.08,2020-01-03T19:00:00.000000000,Client 71,2018-03-13T00:00:00.000000000
T000068,C0086,A0027,15461.79,2020-01-03T20:00:00.000000000,Client 86,2018-03-28T00:00:00.000000000
T000069,C0050,A0044,17642.2,2020-01-03T21:00:00.000000000,Client 50,2018-02-20T00:00:00.000000000
T000070,C0031,A0029,10497.71,2020-01-03T22:00:00.000000000,Client 31,2018-02-01T00:00:00.000000000
T000071,C0063,A0000,14463.78,2020-01-03T23:00:00.000000000,Client 63,2018-03-05T00:00:00.000000000
T000074,C0001,A0031,13335.84,2020-01-04T02:00:00.000000000,Client 1,2018-01-02T00:00:00.000000000
T000075,C0073,A0017,10076.5,2020-01-04T03:00:00.000000000,Client 73,2018-03-15T00:00:00.000000000
T000078,C0009,A0001,14708.58,2020-01-04T06:00:00.000000000,Client 9,2018-01-10T00:00:00.000000000
T000080,C0038,A0029,13530.15,2020-01-04T08:00:00.000000000,Client 38,2018-02-08T00:00:00.000000000
T000081,C0084,A0032,16124.66,2020-01-04T09:00:00.000000000,Client 84,2018-03-26T00:00:00.000000000
T000082,C0072,A0025,11403.8,2020-01-04T10:00:00.000000000,Client 72,2018-03-14T00:00:00.000000000
T000083,C0079,A0028,10071.66,2020-01-04T11:00:00.000000000,Client 79,2018-03-21T00:00:00.000000000
T000084,C0096,A0025,11373.15,2020-01-04T12:00:00.000000000,Client 96,2018-04-07T00:00:00.000000000
T000085,C0037,A0006,21550.37,2020-01-04T13:00:00.000000000,Client 37,2018-02-07T00:00:00.000000000
T000087,C0009,A0013,18762.66,2020-01-04T15:00:00.000000000,Client 9,2018-01-10T00:00:00.000000000
T000088,C0081,A0010,15406.27,2020-01-04T16:00:00.000000000,Client 81,2018-03-23T00:00:00.000000000
T000091,C0089,A0005,13488.31,2020-01-04T19:00:00.000000000,Client 89,2018-03-31T00:00:00.000000000
T000092,C0034,A0007,11981.5,2020-01-04T20:00:00.000000000,Client 34,2018-02-04T00:00:00.000000000
T000093,C0046,A0022,11450.56,2020-01-04T21:00:00.000000000,Client 46,2018-02-16T00:00:00.000000000
T000095,C0066,A0013,17304.75,2020-01-04T23:00:00.000000000,Client 66,2018-03-08T00:00:00.000000000
T000096,C0044,A0021,10906.94,2020-01-05T00:00:00.000000000,Client 44,2018-02-14T00:00:00.000000000
T000098,C0070,A0049,13712.61,2020-01-05T02:00:00.000000000,Client 70,2018-03-12T00:00:00.000000000
T000101,C0084,A0013,14504.96,2020-01-05T05:00:00.000000000,Client 84,2018-03-26T00:00:00.000000000
T000102,C0001,A0043,12498.02,2020-01-05T06:00:00.000000000,Client 1,2018-01-02T00:00:00.000000000
T000103,C0015,A0008,10477.83,2020-01-05T07:00:00.000000000,Client 15,2018-01-16T00:00:00.000000000
T000104,C0027,A0031,12908.03,2020-01-05T08:00:00.000000000,Client 27,2018-01-28T00:00:00.000000000
T000105,C0073,A0029,10343.26,2020-01-05T09:00:00.000000000,Client 73,2018-03-15T00:00:00.000000000
T000106,C0045,A0018,16492.05,2020-01-05T10:00:00.000000000,Client 45,2018-02-15T00:00:00.000000000
T000107,C0046,A0049,11212.36,2020-01-05T11:00:00.000000000,Client 46,2018-02-16T00:00:00.000000000
T000109,C0028,A0048,16171.89,2020-01-05T13:00:00.000000000,Client 28,2018-01-29T00:00:00.000000000
T000112,C0004,A0030,12405.23,2020-01-05T16:00:00.000000000,Client 4,2018-01-05T00:00:00.000000000
T000113,C0005,A0010,19075.91,2020-01-05T17:00:00.000000000,Client 5,2018-01-06T00:00:00.000000000
T000114,C0013,A0023,12084.38,2020-01-05T18:00:00.000000000,Client 13,2018-01-14T00:00:00.000000000
T000120,C0071,A0010,12871.83,2020-01-06T00:00:00.000000000,Client 71,2018-03-13T00:00:00.000000000
T000125,C0022,A0004,11244.17,2020-01-06T05:00:00.000000000,Client 22,2018-01-23T00:00:00.000000000
T000126,C0010,A0025,10062.65,2020-01-06T06:00:00.000000000,Client 10,2018-01-11T00:00:00.000000000
T000127,C0014,A0009,18832.4,2020-01-06T07:00:00.000000000,Client 14,2018-01-15T00:00:00.000000000
T000128,C0013,A0036,12700.15,2020-01-06T08:00:00.000000000,Client 13,2018-01-14T00:00:00.000000000
T000132,C0083,A0026,10311.03,2020-01-06T12:00:00.000000000,Client 83,2018-03-25T00:00:00.000000000
T000135,C0096,A0025,17290.5,2020-01-06T15:00:00.000000000,Client 96,2018-04-07T00:00:00.000000000
T000137,C0053,A0010,15512.37,2020-01-06T17:00:00.000000000,Client 53,2018-02-23T00:00:00.000000000
T000138,C0016,A0041,12094.76,2020-01-06T18:00:00.000000000,Client 16,2018-01-17T00:00:00.000000000
T000146,C0029,A0017,20789.34,2020-01-07T02:00:00.000000000,Client 29,2018-01-30T00:00:00.000000000
T000147,C0059,A0008,16979.67,2020-01-07T03:00:00.000000000,Client 59,2018-03-01T00:00:00.000000000
T000150,C0059,A0011,13679.0,2020-01-07T06:00:00.000000000,Client 59,2018-03-01T00:00:00.000000000
T000151,C0038,A0043,19941.78,2020-01-07T07:00:00.000000000,Client 38,2018-02-08T00:00:00.000000000
T000152,C0022,A0047,21049.32,2020-01-07T08:00:00.000000000,Client 22,2018-01-23T00:00:00.000000000
T000154,C0083,A0006,11887.1,2020-01-07T10:00:00.000000000,Client 83,2018-03-25T00:00:00.000000000
T000155,C0049,A0047,16286.23,2020-01-07T11:00:00.000000000,Client 49,2018-02-19T00:00:00.000000000
T000156,C0083,A0038,13180.45,2020-01-07T12:00:00.000000000,Client 83,2018-03-25T00:00:00.000000000
T000158,C0053,A0045,14070.02,2020-01-07T14:00:00.000000000,Client 53,2018-02-23T00:00:00.000000000
T000160,C0015,A0009,13799.62,2020-01-07T16:00:00.000000000,Client 15,2018-01-16T00:00:00.000000000
T000162,C0044,A0044,10103.33,2020-01-07T18:00:00.000000000,Client 44,2018-02-14T00:00:00.000000000
T000164,C0093,A0049,12851.9,2020-01-07T20:00:00.000000000,Client 93,2018-04-04T00:00:00.000000000
T000169,C0080,A0008,10186.89,2020-01-08T01:00:00.000000000,Client 80,2018-03-22T00:00:00.000000000
T000171,C0087,A0038,17489.48,2020-01-08T03:00:00.000000000,Client 87,2018-03-29T00:00:00.000000000
T000172,C0094,A0033,20011.94,2020-01-08T04:00:00.000000000,Client 94,2018-04-05T00:00:00.000000000
T000174,C0017,A0038,12308.98,2020-01-08T06:00:00.000000000,Client 17,2018-01-18T00:00:00.000000000
T000175,C0020,A0043,10961.5,2020-01-08T07:00:00.000000000,Client 20,2018-01-21T00:00:00.000000000
T000176,C0047,A0028,17211.2,2020-01-08T08:00:00.000000000,Client 47,2018-02-17T00:00:00.000000000
T000177,C0000,A0043,13706.36,2020-01-08T09:00:00.000000000,Client 0,2018-01-01T00:00:00.000000000
T000178,C0095,A0040,10694.79,2020-01-08T10:00:00.000000000,Client 95,2018-04-06T00:00:00.000000000
T000180,C0086,A0029,12666.81,2020-01-08T12:00:00.000000000,Client 86,2018-03-28T00:00:00.000000000
T000183,C0096,A0043,10303.91,2020-01-08T15:00:00.000000000,Client 96,2018-04-07T00:00:00.000000000
T000184,C0092,A0013,14266.63,2020-01-08T16:00:00.000000000,Client 92,2018-04-03T00:00:00.000000000
T000186,C0006,A0036,14701.02,2020-01-08T18:00:00.000000000,Client 6,2018-01-07T00:00:00.000000000
T000187,C0089,A0009,13975.56,2020-01-08T19:00:00.000000000,Client 89,2018-03-31T00:00:00.000000000
T000189,C0043,A0043,17387.26,2020-01-08T21:00:00.000000000,Client 43,2018-02-13T00:00:00.000000000
T000191,C0071,A0023,10111.43,2020-01-08T23:00:00.000000000,Client 71,2018-03-13T00:00:00.000000000
T000192,C0057,A0045,14176.16,2020-01-09T00:00:00.000000000,Client 57,2018-02-27T00:00:00.000000000
T000193,C0062,A0019,20022.35,2020-01-09T01:00:00.000000000,Client 62,2018-03-04T00:00:00.000000000
T000196,C0057,A0034,12929.87,2020-01-09T04:00:00.000000000,Client 57,2018-02-27T00:00:00.000000000
T000197,C0041,A0015,15208.54,2020-01-09T05:00:00.000000000,Client 41,2018-02-11T00:00:00.000000000
T000198,C0008,A0021,15419.9,2020-01-09T06:00:00.000000000,Client 8,2018-01-09T00:00:00.000000000
T000199,C0057,A0023,18367.02,2020-01-09T07:00:00.000000000,Client 57,2018-02-27T00:00:00.000000000
T000200,C0071,A0047,10697.67,2020-01-09T08:00:00.000000000,Client 71,2018-03-13T00:00:00.000000000
T000202,C0001,A0007,10596.63,2020-01-09T10:00:00.000000000,Client 1,2018-01-02T00:00:00.000000000
T000203,C0048,A0038,15636.48,2020-01-09T11:00:00.000000000,Client 48,2018-02-18T00:00:00.000000000
T000206,C0034,A0031,10308.64,2020-01-09T14:00:00.000000000,Client 34,2018-02-04T00:00:00.000000000
T000207,C0038,A0048,16145.68,2020-01-09T15:00:00.000000000,Client 38,2018-02-08T00:00:00.000000000
T000212,C0000,A0036,12575.21,2020-01-09T20:00:00.000000000,Client 0,2018-01-01T00:00:00.000000000
T000215,C0048,A0026,13995.73,2020-01-09T23:00:00.000000000,Client 48,2018-02-18T00:00:00.000000000
T000216,C0079,A0045,18174.69,2020-01-10T00:00:00.000000000,Client 79,2018-03-21T00:00:00.000000000
T000220,C0023,A0043,10019.27,2020-01-10T04:00:00.000000000,Client 23,2018-01-24T00:00:00.000000000
T000221,C0027,A0004,10780.33,2020-01-10T05:00:00.000000000,Client 27,2018-01-28T00:00:00.000000000
T000222,C0087,A0002,19052.91,2020-01-10T06:00:00.000000000,Client 87,2018-03-29T00:00:00.000000000
T000223,C0013,A0033,13534.19,2020-01-10T07:00:00.000000000,Client 13,2018-01-14T00:00:00.000000000
T000225,C0023,A0048,11526.34,2020-01-10T09:00:00.000000000,Client 23,2018-01-24T00:00:00.000000000
T000226,C0068,A0023,11468.26,2020-01-10T10:00:00.000000000,Client 68,2018-03-10T00:00:00.000000000
T000227,C0078,A0007,15975.98,2020-01-10T11:00:00.000000000,Client 78,2018-03-20T00:00:00.000000000
T000228,C0009,A0047,10025.86,2020-01-10T12:00:00.000000000,Client 9,2018-01-10T00:00:00.000000000
T000230,C0095,A0045,12884.79,2020-01-10T14:00:00.000000000,Client 95,2018-04-06T00:00:00.000000000
T000231,C0074,A0032,15400.94,2020-01-10T15:00:00.000000000,Client 74,2018-03-16T00:00:00.000000000
T000233,C0059,A0042,10747.78,2020-01-10T17:00:00.000000000,Client 59,2018-03-01T00:00:00.000000000
T000235,C0053,A0036,15426.44,2020-01-10T19:00:00.000000000,Client 53,2018-02-23T00:00:00.000000000
T000236,C0003,A0041,10522.27,2020-01-10T20:00:00.000000000,Client 3,2018-01-04T00:00:00.000000000
T000237,C0069,A0009,10478.33,2020-01-10T21:00:00.000000000,Client 69,2018-03-11T00:00:00.000000000
T000238,C0079,A0008,11184.56,2020-01-10T22:00:00.000000000,Client 79,2018-03-21T00:00:00.000000000
T000240,C0080,A0047,18389.57,2020-01-11T00:00:00.000000000,Client 80,2018-03-22T00:00:00.000000000
T000244,C0015,A0020,12122.67,2020-01-11T04:00:00.000000000,Client 15,2018-01-16T00:00:00.000000000
T000245,C0076,A0031,17627.19,2020-01-11T05:00:00.000000000,Client 76,2018-03-18T00:00:00.000000000
T000246,C0075,A0018,19491.19,2020-01-11T06:00:00.000000000,Client 75,2018-03-17T00:00:00.000000000
T000248,C0076,A0005,23256.6,2020-01-11T08:00:00.000000000,Client 76,2018-03-18T00:00:00.000000000
T000249,C0091,A0036,11922.98,2020-01-11T09:00:00.000000000,Client 91,2018-04-02T00:00:00.000000000
T000252,C0042,A0048,11127.08,2020-01-11T12:00:00.000000000,Client 42,2018-02-12T00:00:00.000000000
T000253,C0073,A0009,11033.48,2020-01-11T13:00:00.000000000,Client 73,2018-03-15T00:00:00.000000000
T000254,C0032,A0001,11569.31,2020-01-11T14:00:00.000000000,Client 32,2018-02-02T00:00:00.000000000
T000255,C0051,A0048,15040.19,2020-01-11T15:00:00.000000000,Client 51,2018-02-21T00:00:00.000000000
T000257,C0036,A0045,13047.22,2020-01-11T17:00:00.000000000,Client 36,2018-02-06T00:00:00.000000000
T000259,C0005,A0047,12669.38,2020-01-11T19:00:00.000000000,Client 5,2018-01-06T00:00:00.000000000
T000260,C0087,A0018,10100.83,2020-01-11T20:00:00.000000000,Client 87,2018-03-29T00:00:00.000000000
T000262,C0078,A0014,13787.11,2020-01-11T22:00:00.000000000,Client 78,2018-03-20T00:00:00.000000000
T000263,C0022,A0024,17516.04,2020-01-11T23:00:00.000000000,Client 22,2018-01-23T00:00:00.000000000
T000266,C0055,A0015,12144.88,2020-01-12T02:00:00.000000000,Client 55,2018-02-25T00:00:00.000000000
T000267,C0059,A0011,11869.13,2020-01-12T03:00:00.000000000,Client 59,2018-03-01T00:00:00.000000000
T000268,C0072,A0043,12821.0,2020-01-12T04:00:00.000000000,Client 72,2018-03-14T00:00:00.000000000
T000274,C0092,A0025,19882.14,2020-01-12T10:00:00.000000000,Client 92,2018-04-03T00:00:00.000000000
T000276,C0049,A0033,13587.99,2020-01-12T12:00:00.000000000,Client 49,2018-02-19T00:00:00.000000000
T000281,C0051,A0029,12133.65,2020-01-12T17:00:00.000000000,Client 51,2018-02-21T00:00:00.000000000
T000282,C0044,A0039,13642.72,2020-01-12T18:00:00.000000000,Client 44,2018-02-14T00:00:00.000000000
T000284,C0023,A0006,12892.38,2020-01-12T20:00:00.000000000,Client 23,2018-01-24T00:00:00.000000000
T000285,C0039,A0014,14689.17,2020-01-12T21:00:00.000000000,Client 39,2018-02-09T00:00:00.000000000
T000289,C0022,A0026,14187.25,2020-01-13T01:00:00.000000000,Client 22,2018-01-23T00:00:00.000000000
T000290,C0089,A0005,14008.52,2020-01-13T02:00:00.000000000,Client 89,2018-03-31T00:00:00.000000000
T000291,C0017,A0035,14472.2,2020-01-13T03:00:00.000000000,Client 17,2018-01-18T00:00:00.000000000
T000297,C0085,A0005,14039.07,2020-01-13T09:00:00.000000000,Client 85,2018-03-27T00:00:00.000000000
T000298,C0080,A0029,14000.16,2020-01-13T10:00:00.000000000,Client 80,2018-03-22T00:00:00.000000000
T000299,C0059,A0043,16076.69,2020-01-13T11:00:00.000000000,Client 59,2018-03-01T00:00:00.000000000
T000300,C0019,A0026,10045.69,2020-01-13T12:00:00.000000000,Client 19,2018-01-20T00:00:00.000000000
T000301,C0010,A0011,10389.29,2020-01-13T13:00:00.000000000,Client 10,2018-01-11T00:00:00.000000000
T000303,C0018,A0025,11991.67,2020-01-13T15:00:00.000000000,Client 18,2018-01-19T00:00:00.000000000
T000304,C0050,A0000,11307.98,2020-01-13T16:00:00.000000000,Client 50,2018-02-20T00:00:00.000000000
T000306,C0004,A0036,13487.14,2020-01-13T18:00:00.000000000,Client 4,2018-01-05T00:00:00.000000000
T000307,C0011,A0024,16948.1,2020-01-13T19:00:00.000000000,Client 11,2018-01-12T00:00:00.000000000
T000308,C0047,A0045,13027.89,2020-01-13T20:00:00.000000000,Client 47,2018-02-17T00:00:00.000000000
T000310,C0084,A0026,13791.81,2020-01-13T22:00:00.000000000,Client 84,2018-03-26T00:00:00.000000000
T000311,C0018,A0012,18600.65,2020-01-13T23:00:00.000000000,Client 18,2018-01-19T00:00:00.000000000
T000312,C0070,A0044,15449.15,2020-01-14T00:00:00.000000000,Client 70,2018-03-12T00:00:00.000000000
T000314,C0041,A0023,13505.57,2020-01-14T02:00:00.000000000,Client 41,2018-02-11T00:00:00.000000000
T000315,C0027,A0018,13847.72,2020-01-14T03:00:00.000000000,Client 27,2018-01-28T00:00:00.000000000
T000318,C0035,A0047,12382.0,2020-01-14T06:00:00.000000000,Client 35,2018-02-05T00:00:00.000000000
T000321,C0053,A0013,21763.54,2020-01-14T09:00:00.000000000,Client 53,2018-02-23T00:00:00.000000000
T000322,C0014,A0027,14468.05,2020-01-14T10:00:00.000000000,Client 14,2018-01-15T00:00:00.000000000
T000326,C0041,A0046,19460.95,2020-01-14T14:00:00.000000000,Client 41,2018-02-11T00:00:00.000000000
T000327,C0098,A0046,12145.34,2020-01-14T15:00:00.000000000,Client 98,2018-04-09T00:00:00.000000000
T000330,C0081,A0048,12367.41,2020-01-14T18:00:00.000000000,Client 81,2018-03-23T00:00:00.000000000
T000332,C0068,A0011,14038.43,2020-01-14T20:00:00.000000000,Client 68,2018-03-10T00:00:00.000000000
T000335,C0085,A0025,15656.01,2020-01-14T23:00:00.000000000,Client 85,2018-03-27T00:00:00.000000000
T000338,C0046,A0044,16841.56,2020-01-15T02:00:00.000000000,Client 46,2018-02-16T00:00:00.000000000
T000339,C0061,A0040,14655.07,2020-01-15T03:00:00.000000000,Client 61,2018-03-03T00:00:00.000000000
T000341,C0002,A0021,12958.04,2020-01-15T05:00:00.000000000,Client 2,2018-01-03T00:00:00.000000000
T000343,C0089,A0012,14283.95,2020-01-15T07:00:00.000000000,Client 89,2018-03-31T00:00:00.000000000
T000345,C0049,A0005,14368.24,2020-01-15T09:00:00.000000000,Client 49,2018-02-19T00:00:00.000000000
T000346,C0056,A0024,14149.26,2020-01-15T10:00:00.000000000,Client 56,2018-02-26T00:00:00.000000000
T000347,C0019,A0026,10620.75,2020-01-15T11:00:00.000000000,Client 19,2018-01-20T00:00:00.000000000
T000349,C0083,A0015,11079.76,2020-01-15T13:00:00.000000000,Client 83,2018-03-25T00:00:00.000000000
T000351,C0001,A0019,12225.83,2020-01-15T15:00:00.000000000,Client 1,2018-01-02T00:00:00.000000000
T000354,C0005,A0034,12484.96,2020-01-15T18:00:00.000000000,Client 5,2018-01-06T00:00:00.000000000
T000355,C0026,A0034,14908.02,2020-01-15T19:00:00.000000000,Client 26,2018-01-27T00:00:00.000000000
T000356,C0025,A0002,12675.3,2020-01-15T20:00:00.000000000,Client 25,2018-01-26T00:00:00.000000000
T000357,C0068,A0029,17366.49,2020-01-15T21:00:00.000000000,Client 68,2018-03-10T00:00:00.000000000
T000359,C0021,A0008,12039.14,2020-01-15T23:00:00.000000000,Client 21,2018-01-22T00:00:00.000000000
T000360,C0020,A0012,15684.36,2020-01-16T00:00:00.000000000,Client 20,2018-01-21T00:00:00.000000000
T000361,C0077,A0036,17974.87,2020-01-16T01:00:00.000000000,Client 77,2018-03-19T00:00:00.000000000
T000363,C0089,A0015,16060.6,2020-01-16T03:00:00.000000000,Client 89,2018-03-31T00:00:00.000000000
T000364,C0011,A0047,19383.31,2020-01-16T04:00:00.000000000,Client 11,2018-01-12T00:00:00.000000000
T000365,C0065,A0023,10351.41,2020-01-16T05:00:00.000000000,Client 65,2018-03-07T00:00:00.000000000
T000367,C0078,A0045,13630.75,2020-01-16T07:00:00.000000000,Client 78,2018-03-20T00:00:00.000000000
T000370,C0073,A0006,12568.55,2020-01-16T10:00:00.000000000,Client 73,2018-03-15T00:00:00.000000000
T000371,C0056,A0042,11838.32,2020-01-16T11:00:00.000000000,Client 56,2018-02-26T00:00:00.000000000
T000372,C0018,A0028,10830.67,2020-01-16T12:00:00.000000000,Client 18,2018-01-19T00:00:00.000000000
T000373,C0025,A0007,20111.12,2020-01-16T13:00:00.000000000,Client 25,2018-01-26T00:00:00.000000000
T000376,C0066,A0048,18325.62,2020-01-16T16:00:00.000000000,Client 66,2018-03-08T00:00:00.000000000
T000377,C0057,A0024,13776.57,2020-01-16T17:00:00.000000000,Client 57,2018-02-27T00:00:00.000000000
T000378,C0049,A0045,16591.06,2020-01-16T18:00:00.000000000,Client 49,2018-02-19T00:00:00.000000000
T000379,C0003,A0017,16982.18,2020-01-16T19:00:00.000000000,Client 3,2018-01-04T00:00:00.000000000
T000380,C0006,A0047,13206.63,2020-01-16T20:00:00.000000000,Client 6,2018-01-07T00:00:00.000000000
T000381,C0044,A0006,13851.88,2020-01-16T21:00:00.000000000,Client 44,2018-02-14T00:00:00.000000000
T000382,C0084,A0037,12476.68,2020-01-16T22:00:00.000000000,Client 84,2018-03-26T00:00:00.000000000
T000383,C0056,A0030,11157.5,2020-01-16T23:00:00.000000000,Client 56,2018-02-26T00:00:00.000000000
T000384,C0049,A0047,12194.55,2020-01-17T00:00:00.000000000,Client 49,2018-02-19T00:00:00.000000000
T000388,C0067,A0020,17007.86,2020-01-17T04:00:00.000000000,Client 67,2018-03-09T00:00:00.000000000
T000389,C0043,A0026,10950.1,2020-01-17T05:00:00.000000000,Client 43,2018-02-13T00:00:00.000000000
T000391,C0075,A0021,12784.12,2020-01-17T07:00:00.000000000,Client 75,2018-03-17T00:00:00.000000000
T000394,C0096,A0047,12861.03,2020-01-17T10:00:00.000000000,Client 96,2018-04-07T00:00:00.000000000
T000396,C0092,A0002,13799.36,2020-01-17T12:00:00.000000000,Client 92,2018-04-03T00:00:00.000000000
T000397,C0022,A0001,14186.59,2020-01-17T13:00:00.000000000,Client 22,2018-01-23T00:00:00.000000000
T000398,C0085,A0029,13039.12,2020-01-17T14:00:00.000000000,Client 85,2018-03-27T00:00:00.000000000
T000399,C0013,A0049,13839.92,2020-01-17T15:00:00.000000000,Client 13,2018-01-14T00:00:00.000000000
T000400,C0075,A0040,10411.58,2020-01-17T16:00:00.000000000,Client 75,2018-03-17T00:00:00.000000000
T000403,C0022,A0018,11116.02,2020-01-17T19:00:00.000000000,Client 22,2018-01-23T00:00:00.000000000
T000405,C0016,A0007,10494.97,2020-01-17T21:00:00.000000000,Client 16,2018-01-17T00:00:00.000000000
T000408,C0001,A0017,16347.21,2020-01-18T00:00:00.000000000,Client 1,2018-01-02T00:00:00.000000000
T000409,C0001,A0020,11532.0,2020-01-18T01:00:00.000000000,Client 1,2018-01-02T00:00:00.000000000
T000410,C0022,A0007,12701.49,2020-01-18T02:00:00.000000000,Client 22,2018-01-23T00:00:00.000000000
T000411,C0016,A0011,14725.14,2020-01-18T03:00:00.000000000,Client 16,2018-01-17T00:00:00.000000000
T000413,C0041,A0007,12881.3,2020-01-18T05:00:00.000000000,Client 41,2018-02-11T00:00:00.000000000
T000414,C0094,A0000,23348.57,2020-01-18T06:00:00.000000000,Client 94,2018-04-05T00:00:00.000000000
T000417,C0067,A0022,17519.86,2020-01-18T09:00:00.000000000,Client 67,2018-03-09T00:00:00.000000000
T000418,C0034,A0031,11788.68,2020-01-18T10:00:00.000000000,Client 34,2018-02-04T00:00:00.000000000
T000421,C0024,A0022,12719.94,2020-01-18T13:00:00.000000000,Client 24,2018-01-25T00:00:00.000000000
T000422,C0025,A0033,10635.82,2020-01-18T14:00:00.000000000,Client 25,2018-01-26T00:00:00.000000000
T000425,C0068,A0002,10989.25,2020-01-18T17:00:00.000000000,Client 68,2018-03-10T00:00:00.000000000
T000426,C0076,A0035,18764.01,2020-01-18T18:00:00.000000000,Client 76,2018-03-18T00:00:00.000000000
T000427,C0015,A0010,15205.88,2020-01-18T19:00:00.000000000,Client 15,2018-01-16T00:00:00.000000000
T000428,C0068,A0006,11381.45,2020-01-18T20:00:00.000000000,Client 68,2018-03-10T00:00:00.000000000
T000429,C0012,A0032,12325.99,2020-01-18T21:00:00.000000000,Client 12,2018-01-13T00:00:00.000000000
T000430,C0050,A0017,10665.01,2020-01-18T22:00:00.000000000,Client 50,2018-02-20T00:00:00.000000000
T000432,C0056,A0037,14765.56,2020-01-19T00:00:00.000000000,Client 56,2018-02-26T00:00:00.000000000
T000434,C0000,A0022,15765.25,2020-01-19T02:00:00.000000000,Client 0,2018-01-01T00:00:00.000000000
T000438,C0038,A0008,15301.91,2020-01-19T06:00:00.000000000,Client 38,2018-02-08T00:00:00.000000000
T000440,C0011,A0044,16049.37,2020-01-19T08:00:00.000000000,Client 11,2018-01-12T00:00:00.000000000
T000441,C0047,A0000,18282.55,2020-01-19T09:00:00.000000000,Client 47,2018-02-17T00:00:00.000000000
T000446,C0060,A0005,10552.43,2020-01-19T14:00:00.000000000,Client 60,2018-03-02T00:00:00.000000000
T000448,C0041,A0021,17720.81,2020-01-19T16:00:00.000000000,Client 41,2018-02-11T00:00:00.000000000
T000449,C0083,A0035,13176.72,2020-01-19T17:00:00.000000000,Client 83,2018-03-25T00:00:00.000000000
T000450,C0086,A0011,14330.83,2020-01-19T18:00:00.000000000,Client 86,2018-03-28T00:00:00.000000000
T000452,C0015,A0028,12486.79,2020-01-19T20:00:00.000000000,Client 15,2018-01-16T00:00:00.000000000
T000453,C0043,A0016,14402.41,2020-01-19T21:00:00.000000000,Client 43,2018-02-13T00:00:00.000000000
T000455,C0025,A0025,18940.89,2020-01-19T23:00:00.000000000,Client 25,2018-01-26T00:00:00.000000000
T000457,C0018,A0015,11378.82,2020-01-20T01:00:00.000000000,Client 18,2018-01-19T00:00:00.000000000
T000461,C0043,A0009,12635.05,2020-01-20T05:00:00.000000000,Client 43,2018-02-13T00:00:00.000000000
T000466,C0088,A0045,12007.18,2020-01-20T10:00:00.000000000,Client 88,2018-03-30T00:00:00.000000000
T000467,C0055,A0004,13324.31,2020-01-20T11:00:00.000000000,Client 55,2018-02-25T00:00:00.000000000
T000474,C0095,A0005,17382.71,2020-01-20T18:00:00.000000000,Client 95,2018-04-06T00:00:00.000000000
T000475,C0064,A0004,16606.95,2020-01-20T19:00:00.000000000,Client 64,2018-03-06T00:00:00.000000000
T000476,C0027,A0034,21943.24,2020-01-20T20:00:00.000000000,Client 27,2018-01-28T00:00:00.000000000
T000477,C0049,A0038,13857.01,2020-01-20T21:00:00.000000000,Client 49,2018-02-19T00:00:00.000000000
T000478,C0057,A0007,11811.9,2020-01-20T22:00:00.000000000,Client 57,2018-02-27T00:00:00.000000000
T000479,C0054,A0021,12124.07,2020-01-20T23:00:00.000000000,Client 54,2018-02-24T00:00:00.000000000
T000480,C0057,A0027,16927.9,2020-01-21T00:00:00.000000000,Client 57,2018-02-27T00:00:00.000000000
T000485,C0054,A0045,11242.72,2020-01-21T05:00:00.000000000,Client 54,2018-02-24T00:00:00.000000000
T000486,C0098,A0048,14510.98,2020-01-21T06:00:00.000000000,Client 98,2018-04-09T00:00:00.000000000
T000488,C0027,A0040,15635.38,2020-01-21T08:00:00.000000000,Client 27,2018-01-28T00:00:00.000000000
T000490,C0066,A0049,11888.2,2020-01-21T10:00:00.000000000,Client 66,2018-03-08T00:00:00.000000000
T000492,C0059,A0005,10262.2,2020-01-21T12:00:00.000000000,Client 59,2018-03-01T00:00:00.000000000
T000494,C0005,A0037,12223.64,2020-01-21T14:00:00.000000000,Client 5,2018-01-06T00:00:00.000000000
T000495,C0078,A0032,13498.87,2020-01-21T15:00:00.000000000,Client 78,2018-03-20T00:00:00.000000000
T000498,C0022,A0025,12082.13,2020-01-21T18:00:00.000000000,Client 22,2018-01-23T00:00:00.000000000
T000501,C0052,A0006,15528.29,2020-01-21T21:00:00.000000000,Client 52,2018-02-22T00:00:00.000000000
T000502,C0084,A0028,11463.87,2020-01-21T22:00:00.000000000,Client 84,2018-03-26T00:00:00.000000000
T000503,C0075,A0032,11279.17,2020-01-21T23:00:00.000000000,Client 75,2018-03-17T00:00:00.000000000
T000504,C0076,A0047,16587.39,2020-01-22T00:00:00.000000000,Client 76,2018-03-18T00:00:00.000000000
T000506,C0021,A0004,17911.28,2020-01-22T02:00:00.000000000,Client 21,2018-01-22T00:00:00.000000000
T000507,C0081,A0030,10219.83,2020-01-22T03:00:00.000000000,Client 81,2018-03-23T00:00:00.000000000
T000508,C0078,A0010,18091.17,2020-01-22T04:00:00.000000000,Client 78,2018-03-20T00:00:00.000000000
T000510,C0089,A0020,10838.12,2020-01-22T06:00:00.000000000,Client 89,2018-03-31T00:00:00.000000000
T000511,C0037,A0038,17574.1,2020-01-22T07:00:00.000000000,Client 37,2018-02-07T00:00:00.000000000
T000512,C0014,A0027,16149.71,2020-01-22T08:00:00.000000000,Client 14,2018-01-15T00:00:00.000000000
T000514,C0019,A0015,15968.99,2020-01-22T10:00:00.000000000,Client 19,2018-01-20T00:00:00.000000000
T000516,C0093,A0024,14494.86,2020-01-22T12:00:00.000000000,Client 93,2018-04-04T00:00:00.000000000
T000517,C0066,A0010,13228.43,2020-01-22T13:00:00.000000000,Client 66,2018-03-08T00:00:00.000000000
T000518,C0091,A0018,13677.03,2020-01-22T14:00:00.000000000,Client 91,2018-04-02T00:00:00.000000000
T000520,C0005,A0029,10106.25,2020-01-22T16:00:00.000000000,Client 5,2018-01-06T00:00:00.000000000
T000521,C0015,A0000,15903.55,2020-01-22T17:00:00.000000000,Client 15,2018-01-16T00:00:00.000000000
T000524,C0015,A0022,11208.96,2020-01-22T20:00:00.000000000,Client 15,2018-01-16T00:00:00.000000000
T000526,C0083,A0031,10461.59,2020-01-22T22:00:00.000000000,Client 83,2018-03-25T00:00:00.000000000
T000528,C0053,A0011,16873.86,2020-01-23T00:00:00.000000000,Client 53,2018-02-23T00:00:00.000000000
T000529,C0032,A0038,17532.55,2020-01-23T01:00:00.000000000,Client 32,2018-02-02T00:00:00.000000000
T000532,C0085,A0039,14952.01,2020-01-23T04:00:00.000000000,Client 85,2018-03-27T00:00:00.000000000
T000534,C0093,A0013,14808.08,2020-01-23T06:00:00.000000000,Client 93,2018-04-04T00:00:00.000000000
T000535,C0046,A0029,12294.73,2020-01-23T07:00:00.000000000,Client 46,2018-02-16T00:00:00.000000000
T000536,C0084,A0024,10749.43,2020-01-23T08:00:00.000000000,Client 84,2018-03-26T00:00:00.000000000
T000537,C0090,A0012,12068.26,2020-01-23T09:00:00.000000000,Client 90,2018-04-01T00:00:00.000000000
T000538,C0089,A0021,12186.93,2020-01-23T10:00:00.000000000,Client 89,2018-03-31T00:00:00.000000000
T000542,C0057,A0023,15943.97,2020-01-23T14:00:00.000000000,Client 57,2018-02-27T00:00:00.000000000
T000547,C0017,A0027,16862.33,2020-01-23T19:00:00.000000000,Client 17,2018-01-18T00:00:00.000000000
T000549,C0061,A0021,14505.63,2020-01-23T21:00:00.000000000,Client 61,2018-03-03T00:00:00.000000000
T000551,C0036,A0023,19409.74,2020-01-23T23:00:00.000000000,Client 36,2018-02-06T00:00:00.000000000
T000555,C0029,A0042,17125.8,2020-01-24T03:00:00.000000000,Client 29,2018-01-30T00:00:00.000000000
T000556,C0032,A0018,13913.28,2020-01-24T04:00:00.000000000,Client 32,2018-02-02T00:00:00.000000000
T000558,C0031,A0046,14498.05,2020-01-24T06:00:00.000000000,Client 31,2018-02-01T00:00:00.000000000
T000562,C0074,A0003,11153.11,2020-01-24T10:00:00.000000000,Client 74,2018-03-16T00:00:00.000000000
T000564,C0060,A0001,13837.97,2020-01-24T12:00:00.000000000,Client 60,2018-03-02T00:00:00.000000000
T000565,C0035,A0046,17401.09,2020-01-24T13:00:00.000000000,Client 35,2018-02-05T00:00:00.000000000
T000566,C0019,A0029,13175.46,2020-01-24T14:00:00.000000000,Client 19,2018-01-20T00:00:00.000000000
T000569,C0027,A0041,15264.97,2020-01-24T17:00:00.000000000,Client 27,2018-01-28T00:00:00.000000000
T000572,C0033,A0038,11014.91,2020-01-24T20:00:00.000000000,Client 33,2018-02-03T00:00:00.000000000
T000573,C0037,A0004,12279.14,2020-01-24T21:00:00.000000000,Client 37,2018-02-07T00:00:00.000000000
T000574,C0092,A0017,18010.09,2020-01-24T22:00:00.000000000,Client 92,2018-04-03T00:00:00.000000000
T000575,C0056,A0001,10820.72,2020-01-24T23:00:00.000000000,Client 56,2018-02-26T00:00:00.000000000
T000576,C0028,A0047,15868.67,2020-01-25T00:00:00.000000000,Client 28,2018-01-29T00:00:00.000000000
T000580,C0056,A0034,17311.08,2020-01-25T04:00:00.000000000,Client 56,2018-02-26T00:00:00.000000000
T000581,C0040,A0011,11595.43,2020-01-25T05:00:00.000000000,Client 40,2018-02-10T00:00:00.000000000
T000586,C0012,A0007,13929.14,2020-01-25T10:00:00.000000000,Client 12,2018-01-13T00:00:00.000000000
T000588,C0066,A0035,13812.03,2020-01-25T12:00:00.000000000,Client 66,2018-03-08T00:00:00.000000000
T000589,C0013,A0047,11690.97,2020-01-25T13:00:00.000000000,Client 13,2018-01-14T00:00:00.000000000
T000590,C0051,A0004,12258.01,2020-01-25T14:00:00.000000000,Client 51,2018-02-21T00:00:00.000000000
T000592,C0091,A0012,15288.29,2020-01-25T16:00:00.000000000,Client 91,2018-04-02T00:00:00.000000000
T000593,C0059,A0011,13755.01,2020-01-25T17:00:00.000000000,Client 59,2018-03-01T00:00:00.000000000
T000594,C0010,A0038,13996.63,2020-01-25T18:00:00.000000000,Client 10,2018-01-11T00:00:00.000000000
T000595,C0056,A0010,13561.5,2020-01-25T19:00:00.000000000,Client 56,2018-02-26T00:00:00.000000000
T000596,C0004,A0019,13153.32,2020-01-25T20:00:00.000000000,Client 4,2018-01-05T00:00:00.000000000
T000597,C0073,A0009,13295.55,2020-01-25T21:00:00.000000000,Client 73,2018-03-15T00:00:00.000000000
T000598,C0081,A0014,11673.67,2020-01-25T22:00:00.000000000,Client 81,2018-03-23T00:00:00.000000000
T000600,C0020,A0034,16871.09,2020-01-26T00:00:00.000000000,Client 20,2018-01-21T00:00:00.000000000
T000603,C0029,A0033,11944.58,2020-01-26T03:00:00.000000000,Client 29,2018-01-30T00:00:00.000000000
T000605,C0076,A0045,17576.65,2020-01-26T05:00:00.000000000,Client 76,2018-03-18T00:00:00.000000000
T000606,C0036,A0022,10090.58,2020-01-26T06:00:00.000000000,Client 36,2018-02-06T00:00:00.000000000
T000608,C0003,A0020,10439.81,2020-01-26T08:00:00.000000000,Client 3,2018-01-04T00:00:00.000000000
T000609,C0091,A0043,18096.41,2020-01-26T09:00:00.000000000,Client 91,2018-04-02T00:00:00.000000000
T000610,C0006,A0046,11046.73,2020-01-26T10:00:00.000000000,Client 6,2018-01-07T00:00:00.000000000
T000611,C0087,A0036,10491.41,2020-01-26T11:00:00.000000000,Client 87,2018-03-29T00:00:00.000000000
T000612,C0011,A0003,13699.86,2020-01-26T12:00:00.000000000,Client 11,2018-01-12T00:00:00.000000000
T000613,C0013,A0006,10424.1,2020-01-26T13:00:00.000000000,Client 13,2018-01-14T00:00:00.000000000
T000616,C0059,A0021,10410.84,2020-01-26T16:00:00.000000000,Client 59,2018-03-01T00:00:00.000000000
T000617,C0007,A0021,11115.19,2020-01-26T17:00:00.000000000,Client 7,2018-01-08T00:00:00.000000000
T000622,C0062,A0019,15441.63,2020-01-26T22:00:00.000000000,Client 62,2018-03-04T00:00:00.000000000
T000624,C0098,A0033,19133.72,2020-01-27T00:00:00.000000000,Client 98,2018-04-09T00:00:00.000000000
T000627,C0020,A0009,15128.42,2020-01-27T03:00:00.000000000,Client 20,2018-01-21T00:00:00.000000000
T000628,C0072,A0022,11281.4,2020-01-27T04:00:00.000000000,Client 72,2018-03-14T00:00:00.000000000
T000632,C0055,A0049,10609.68,2020-01-27T08:00:00.000000000,Client 55,2018-02-25T00:00:00.000000000
T000635,C0074,A0045,10312.35,2020-01-27T11:00:00.000000000,Client 74,2018-03-16T00:00:00.000000000
T000639,C0014,A0044,17158.39,2020-01-27T15:00:00.000000000,Client 14,2018-01-15T00:00:00.000000000
T000640,C0033,A0029,21808.14,2020-01-27T16:00:00.000000000,Client 33,2018-02-03T00:00:00.000000000
T000643,C0080,A0009,11637.89,2020-01-27T19:00:00.000000000,Client 80,2018-03-22T00:00:00.000000000
T000650,C0093,A0008,11930.98,2020-01-28T02:00:00.000000000,Client 93,2018-04-04T00:00:00.000000000
T000654,C0022,A0010,14061.55,2020-01-28T06:00:00.000000000,Client 22,2018-01-23T00:00:00.000000000
T000661,C0044,A0016,11490.93,2020-01-28T13:00:00.000000000,Client 44,2018-02-14T00:00:00.000000000
T000662,C0038,A0041,14796.24,2020-01-28T14:00:00.000000000,Client 38,2018-02-08T00:00:00.000000000
T000663,C0036,A0003,14997.34,2020-01-28T15:00:00.000000000,Client 36,2018-02-06T00:00:00.000000000
T000666,C0019,A0007,10922.66,2020-01-28T18:00:00.000000000,Client 19,2018-01-20T00:00:00.000000000
T000668,C0096,A0039,15513.17,2020-01-28T20:00:00.000000000,Client 96,2018-04-07T00:00:00.000000000
T000669,C0028,A0047,12634.65,2020-01-28T21:00:00.000000000,Client 28,2018-01-29T00:00:00.000000000
T000670,C0070,A0037,15652.63,2020-01-28T22:00:00.000000000,Client 70,2018-03-12T00:00:00.000000000
T000671,C0093,A0045,11498.18,2020-01-28T23:00:00.000000000,Client 93,2018-04-04T00:00:00.000000000
T000672,C0070,A0002,13213.35,2020-01-29T00:00:00.000000000,Client 70,2018-03-12T00:00:00.000000000
T000673,C0077,A0018,10436.37,2020-01-29T01:00:00.000000000,Client 77,2018-03-19T00:00:00.000000000
T000675,C0067,A0031,17033.07,2020-01-29T03:00:00.000000000,Client 67,2018-03-09T00:00:00.000000000
T000677,C0011,A0030,13832.3,2020-01-29T05:00:00.000000000,Client 11,2018-01-12T00:00:00.000000000
T000679,C0077,A0029,13491.71,2020-01-29T07:00:00.000000000,Client 77,2018-03-19T00:00:00.000000000
T000681,C0031,A0039,13978.4,2020-01-29T09:00:00.000000000,Client 31,2018-02-01T00:00:00.000000000
T000682,C0031,A0043,15635.65,2020-01-29T10:00:00.000000000,Client 31,2018-02-01T00:00:00.000000000
T000685,C0042,A0026,12937.48,2020-01-29T13:00:00.000000000,Client 42,2018-02-12T00:00:00.000000000
T000686,C0013,A0048,13130.8,2020-01-29T14:00:00.000000000,Client 13,2018-01-14T00:00:00.000000000
T000687,C0047,A0031,14743.67,2020-01-29T15:00:00.000000000,Client 47,2018-02-17T00:00:00.000000000
T000688,C0059,A0037,12799.27,2020-01-29T16:00:00.000000000,Client 59,2018-03-01T00:00:00.000000000
T000689,C0065,A0048,10610.44,2020-01-29T17:00:00.000000000,Client 65,2018-03-07T00:00:00.000000000
T000690,C0015,A0023,10185.24,2020-01-29T18:00:00.000000000,Client 15,2018-01-16T00:00:00.000000000
T000692,C0093,A0034,12635.59,2020-01-29T20:00:00.000000000,Client 93,2018-04-04T00:00:00.000000000
T000693,C0020,A0045,15985.17,2020-01-29T21:00:00.000000000,Client 20,2018-01-21T00:00:00.000000000
T000694,C0074,A0019,11840.4,2020-01-29T22:00:00.000000000,Client 74,2018-03-16T00:00:00.000000000
T000697,C0088,A0042,10180.82,2020-01-30T01:00:00.000000000,Client 88,2018-03-30T00:00:00.000000000
T000698,C0089,A0007,12226.0,2020-01-30T02:00:00.000000000,Client 89,2018-03-31T00:00:00.000000000
T000702,C0009,A0030,16447.92,2020-01-30T06:00:00.000000000,Client 9,2018-01-10T00:00:00.000000000
T000703,C0090,A0014,12355.24,2020-01-30T07:00:00.000000000,Client 90,2018-04-01T00:00:00.000000000
T000704,C0036,A0043,26577.92,2020-01-30T08:00:00.000000000,Client 36,2018-02-06T00:00:00.000000000
T000705,C0092,A0034,12318.61,2020-01-30T09:00:00.000000000,Client 92,2018-04-03T00:00:00.000000000
T000706,C0012,A0044,13718.02,2020-01-30T10:00:00.000000000,Client 12,2018-01-13T00:00:00.000000000
T000707,C0016,A0034,10724.38,2020-01-30T11:00:00.000000000,Client 16,2018-01-17T00:00:00.000000000
T000708,C0038,A0048,12049.36,2020-01-30T12:00:00.000000000,Client 38,2018-02-08T00:00:00.000000000
T000709,C0066,A0014,17419.12,2020-01-30T13:00:00.000000000,Client 66,2018-03-08T00:00:00.000000000
T000711,C0070,A0023,13928.06,2020-01-30T15:00:00.000000000,Client 70,2018-03-12T00:00:00.000000000
T000712,C0076,A0009,11868.16,2020-01-30T16:00:00.000000000,Client 76,2018-03-18T00:00:00.000000000
T000713,C0012,A0006,11760.54,2020-01-30T17:00:00.000000000,Client 12,2018-01-13T00:00:00.000000000
T000716,C0057,A0048,10527.59,2020-01-30T20:00:00.000000000,Client 57,2018-02-27T00:00:00.000000000
T000719,C0080,A0029,11361.06,2020-01-30T23:00:00.000000000,Client 80,2018-03-22T00:00:00.000000000
T000723,C0048,A0041,14817.39,2020-01-31T03:00:00.000000000,Client 48,2018-02-18T00:00:00.000000000
T000724,C0062,A0033,13334.87,2020-01-31T04:00:00.000000000,Client 62,2018-03-04T00:00:00.000000000
T000726,C0063,A0035,16205.41,2020-01-31T06:00:00.000000000,Client 63,2018-03-05T00:00:00.000000000
T000728,C0011,A0026,12230.9,2020-01-31T08:00:00.000000000,Client 11,2018-01-12T00:00:00.000000000
T000730,C0082,A0005,11609.28,2020-01-31T10:00:00.000000000,Client 82,2018-03-24T00:00:00.000000000
T000731,C0041,A0029,17677.35,2020-01-31T11:00:00.000000000,Client 41,2018-02-11T00:00:00.000000000
T000735,C0049,A0019,12837.28,2020-01-31T15:00:00.000000000,Client 49,2018-02-19T00:00:00.000000000
T000737,C0043,A0046,15986.05,2020-01-31T17:00:00.000000000,Client 43,2018-02-13T00:00:00.000000000
T000739,C0091,A0040,16534.68,2020-01-31T19:00:00.000000000,Client 91,2018-04-02T00:00:00.000000000
T000740,C0009,A0007,18121.77,2020-01-31T20:00:00.000000000,Client 9,2018-01-10T00:00:00.000000000
T000742,C0095,A0038,10135.55,2020-01-31T22:00:00.000000000,Client 95,2018-04-06T00:00:00.000000000
T000743,C0021,A0034,13001.69,2020-01-31T23:00:00.000000000,Client 21,2018-01-22T00:00:00.000000000
T000744,C0014,A0040,13508.52,2020-02-01T00:00:00.000000000,Client 14,2018-01-15T00:00:00.000000000
T000747,C0050,A0000,11267.68,2020-02-01T03:00:00.000000000,Client 50,2018-02-20T00:00:00.000000000
T000751,C0051,A0012,13269.57,2020-02-01T07:00:00.000000000,Client 51,2018-02-21T00:00:00.000000000
T000752,C0016,A0044,10907.21,2020-02-01T08:00:00.000000000,Client 16,2018-01-17T00:00:00.000000000
T000756,C0080,A0031,19099.18,2020-02-01T12:00:00.000000000,Client 80,2018-03-22T00:00:00.000000000
T000757,C0039,A0041,11645.0,2020-02-01T13:00:00.000000000,Client 39,2018-02-09T00:00:00.000000000
T000758,C0046,A0037,16040.57,2020-02-01T14:00:00.000000000,Client 46,2018-02-16T00:00:00.000000000
T000760,C0070,A0046,15232.87,2020-02-01T16:00:00.000000000,Client 70,2018-03-12T00:00:00.000000000
T000762,C0076,A0034,11228.5,2020-02-01T18:00:00.000000000,Client 76,2018-03-18T00:00:00.000000000
T000765,C0008,A0024,17217.01,2020-02-01T21:00:00.000000000,Client 8,2018-01-09T00:00:00.000000000
T000766,C0096,A0048,16395.76,2020-02-01T22:00:00.000000000,Client 96,2018-04-07T00:00:00.000000000
T000770,C0087,A0003,11591.91,2020-02-02T02:00:00.000000000,Client 87,2018-03-29T00:00:00.000000000
T000774,C0009,A0033,12593.51,2020-02-02T06:00:00.000000000,Client 9,2018-01-10T00:00:00.000000000
T000775,C0022,A0027,12183.84,2020-02-02T07:00:00.000000000,Client 22,2018-01-23T00:00:00.000000000
T000778,C0015,A0006,10442.9,2020-02-02T10:00:00.000000000,Client 15,2018-01-16T00:00:00.000000000
T000779,C0064,A0013,17784.55,2020-02-02T11:00:00.000000000,Client 64,2018-03-06T00:00:00.000000000
T000780,C0032,A0004,11069.27,2020-02-02T12:00:00.000000000,Client 32,2018-02-02T00:00:00.000000000
T000781,C0050,A0024,16881.32,2020-02-02T13:00:00.000000000,Client 50,2018-02-20T00:00:00.000000000
T000784,C0062,A0005,16347.27,2020-02-02T16:00:00.000000000,Client 62,2018-03-04T00:00:00.000000000
T000785,C0072,A0025,11981.85,2020-02-02T17:00:00.000000000,Client 72,2018-03-14T00:00:00.000000000
T000786,C0057,A0045,16423.73,2020-02-02T18:00:00.000000000,Client 57,2018-02-27T00:00:00.000000000
T000789,C0035,A0021,11794.8,2020-02-02T21:00:00.000000000,Client 35,2018-02-05T00:00:00.000000000
T000792,C0084,A0003,17103.1,2020-02-03T00:00:00.000000000,Client 84,2018-03-26T00:00:00.000000000
T000796,C0034,A0036,16236.73,2020-02-03T04:00:00.000000000,Client 34,2018-02-04T00:00:00.000000000
T000797,C0073,A0031,13255.45,2020-02-03T05:00:00.000000000,Client 73,2018-03-15T00:00:00.000000000
T000798,C0044,A0013,10904.64,2020-02-03T06:00:00.000000000,Client 44,2018-02-14T00:00:00.000000000
T000799,C0015,A0036,11702.15,2020-02-03T07:00:00.000000000,Client 15,2018-01-16T00:00:00.000000000
T000802,C0054,A0041,22823.06,2020-02-03T10:00:00.000000000,Client 54,2018-02-24T00:00:00.000000000
T000803,C0032,A0020,13248.8,2020-02-03T11:00:00.000000000,Client 32,2018-02-02T00:00:00.000000000
T000804,C0050,A0017,11017.3,2020-02-03T12:00:00.000000000,Client 50,2018-02-20T00:00:00.000000000
T000808,C0036,A0021,10928.44,2020-02-03T16:00:00.000000000,Client 36,2018-02-06T00:00:00.000000000
T000811,C0043,A0004,12416.56,2020-02-03T19:00:00.000000000,Client 43,2018-02-13T00:00:00.000000000
T000813,C0000,A0015,11448.22,2020-02-03T21:00:00.000000000,Client 0,2018-01-01T00:00:00.000000000
T000816,C0033,A0020,13656.38,2020-02-04T00:00:00.000000000,Client 33,2018-02-03T00:00:00.000000000
T000817,C0018,A0028,15095.54,2020-02-04T01:00:00.000000000,Client 18,2018-01-19T00:00:00.000000000
T000820,C0095,A0021,10224.01,2020-02-04T04:00:00.000000000,Client 95,2018-04-06T00:00:00.000000000
T000821,C0082,A0026,12095.31,2020-02-04T05:00:00.000000000,Client 82,2018-03-24T00:00:00.000000000
T000824,C0089,A0030,15858.95,2020-02-04T08:00:00.000000000,Client 89,2018-03-31T00:00:00.000000000
T000829,C0059,A0046,13131.39,2020-02-04T13:00:00.000000000,Client 59,2018-03-01T00:00:00.000000000
T000832,C0062,A0001,17402.27,2020-02-04T16:00:00.000000000,Client 62,2018-03-04T00:00:00.000000000
T000839,C0005,A0029,16576.23,2020-02-04T23:00:00.000000000,Client 5,2018-01-06T00:00:00.000000000
T000843,C0043,A0045,12489.0,2020-02-05T03:00:00.000000000,Client 43,2018-02-13T00:00:00.000000000
T000847,C0073,A0029,12809.46,2020-02-05T07:00:00.000000000,Client 73,2018-03-15T00:00:00.000000000
T000848,C0078,A0019,12183.8,2020-02-05T08:00:00.000000000,Client 78,2018-03-20T00:00:00.000000000
T000849,C0004,A0024,18162.81,2020-02-05T09:00:00.000000000,Client 4,2018-01-05T00:00:00.000000000
T000852,C0095,A0036,11218.17,2020-02-05T12:00:00.000000000,Client 95,2018-04-06T00:00:00.000000000
T000856,C0096,A0035,18891.19,2020-02-05T16:00:00.000000000,Client 96,2018-04-07T00:00:00.000000000
T000857,C0077,A0049,16020.12,2020-02-05T17:00:00.000000000,Client 77,2018-03-19T00:00:00.000000000
T000858,C0093,A0036,17519.12,2020-02-05T18:00:00.000000000,Client 93,2018-04-04T00:00:00.000000000
T000859,C0074,A0003,10323.38,2020-02-05T19:00:00.000000000,Client 74,2018-03-16T00:00:00.000000000
T000860,C0006,A0035,11449.22,2020-02-05T20:00:00.000000000,Client 6,2018-01-07T00:00:00.000000000
T000861,C0052,A0006,13069.18,2020-02-05T21:00:00.000000000,Client 52,2018-02-22T00:00:00.000000000
T000862,C0095,A0044,12770.72,2020-02-05T22:00:00.000000000,Client 95,2018-04-06T00:00:00.000000000
T000865,C0072,A0044,13675.36,2020-02-06T01:00:00.000000000,Client 72,2018-03-14T00:00:00.000000000
T000869,C0077,A0018,11551.89,2020-02-06T05:00:00.000000000,Client 77,2018-03-19T00:00:00.000000000
T000870,C0068,A0019,15329.98,2020-02-06T06:00:00.000000000,Client 68,2018-03-10T00:00:00.000000000
T000871,C0051,A0042,19715.63,2020-02-06T07:00:00.000000000,Client 51,2018-02-21T00:00:00.000000000
T000872,C0099,A0039,14995.29,2020-02-06T08:00:00.000000000,Client 99,2018-04-10T00:00:00.000000000
T000875,C0011,A0009,11824.66,2020-02-06T11:00:00.000000000,Client 11,2018-01-12T00:00:00.000000000
T000877,C0070,A0002,14340.21,2020-02-06T13:00:00.000000000,Client 70,2018-03-12T00:00:00.000000000
T000879,C0049,A0011,12579.03,2020-02-06T15:00:00.000000000,Client 49,2018-02-19T00:00:00.000000000
T000884,C0083,A0037,12003.14,2020-02-06T20:00:00.000000000,Client 83,2018-03-25T00:00:00.000000000
T000892,C0054,A0009,10929.92,2020-02-07T04:00:00.000000000,Client 54,2018-02-24T00:00:00.000000000
T000894,C0032,A0011,16023.06,2020-02-07T06:00:00.000000000,Client 32,2018-02-02T00:00:00.000000000
T000895,C0080,A0030,21940.25,2020-02-07T07:00:00.000000000,Client 80,2018-03-22T00:00:00.000000000
T000896,C0024,A0014,12266.9,2020-02-07T08:00:00.000000000,Client 24,2018-01-25T00:00:00.000000000
T000899,C0049,A0019,13219.72,2020-02-07T11:00:00.000000000,Client 49,2018-02-19T00:00:00.000000000
T000901,C0042,A0002,12698.63,2020-02-07T13:00:00.000000000,Client 42,2018-02-12T00:00:00.000000000
T000902,C0002,A0029,10249.32,2020-02-07T14:00:00.000000000,Client 2,2018-01-03T00:00:00.000000000
T000903,C0029,A0048,17315.11,2020-02-07T15:00:00.000000000,Client 29,2018-01-30T00:00:00.000000000
T000905,C0045,A0034,10336.06,2020-02-07T17:00:00.000000000,Client 45,2018-02-15T00:00:00.000000000
T000915,C0057,A0026,10416.21,2020-02-08T03:00:00.000000000,Client 57,2018-02-27T00:00:00.000000000
T000916,C0089,A0022,11029.69,2020-02-08T04:00:00.000000000,Client 89,2018-03-31T00:00:00.000000000
T000919,C0050,A0022,14456.44,2020-02-08T07:00:00.000000000,Client 50,2018-02-20T00:00:00.000000000
T000922,C0095,A0045,19955.22,2020-02-08T10:00:00.000000000,Client 95,2018-04-06T00:00:00.000000000
T000923,C0068,A0046,12126.67,2020-02-08T11:00:00.000000000,Client 68,2018-03-10T00:00:00.000000000
T000924,C0096,A0037,11756.79,2020-02-08T12:00:00.000000000,Client 96,2018-04-07T00:00:00.000000000
T000925,C0077,A0029,12718.04,2020-02-08T13:00:00.000000000,Client 77,2018-03-19T00:00:00.000000000
T000928,C0024,A0018,16013.15,2020-02-08T16:00:00.000000000,Client 24,2018-01-25T00:00:00.000000000
T000929,C0015,A0020,13785.06,2020-02-08T17:00:00.000000000,Client 15,2018-01-16T00:00:00.000000000
T000930,C0096,A0000,12743.38,2020-02-08T18:00:00.000000000,Client 96,2018-04-07T00:00:00.000000000
T000931,C0049,A0047,18832.55,2020-02-08T19:00:00.000000000,Client 49,2018-02-19T00:00:00.000000000
T000932,C0049,A0006,12551.9,2020-02-08T20:00:00.000000000,Client 49,2018-02-19T00:00:00.000000000
T000936,C0053,A0002,12657.87,2020-02-09T00:00:00.000000000,Client 53,2018-02-23T00:00:00.000000000
T000937,C0080,A0047,12103.16,2020-02-09T01:00:00.000000000,Client 80,2018-03-22T00:00:00.000000000
T000942,C0095,A0019,11040.11,2020-02-09T06:00:00.000000000,Client 95,2018-04-06T00:00:00.000000000
T000944,C0048,A0018,15295.29,2020-02-09T08:00:00.000000000,Client 48,2018-02-18T00:00:00.000000000
T000948,C0034,A0014,16164.88,2020-02-09T12:00:00.000000000,Client 34,2018-02-04T00:00:00.000000000
T000949,C0048,A0038,12571.99,2020-02-09T13:00:00.000000000,Client 48,2018-02-18T00:00:00.000000000
T000950,C0077,A0035,13369.57,2020-02-09T14:00:00.000000000,Client 77,2018-03-19T00:00:00.000000000
T000951,C0058,A0048,11452.75,2020-02-09T15:00:00.000000000,Client 58,2018-02-28T00:00:00.000000000
T000953,C0027,A0045,11980.4,2020-02-09T17:00:00.000000000,Client 27,2018-01-28T00:00:00.000000000
T000955,C0066,A0011,10506.38,2020-02-09T19:00:00.000000000,Client 66,2018-03-08T00:00:00.000000000
T000956,C0058,A0037,13179.83,2020-02-09T20:00:00.000000000,Client 58,2018-02-28T00:00:00.000000000
T000960,C0043,A0004,12712.61,2020-02-10T00:00:00.000000000,Client 43,2018-02-13T00:00:00.000000000
T000961,C0074,A0006,12653.78,2020-02-10T01:00:00.000000000,Client 74,2018-03-16T00:00:00.000000000
T000962,C0018,A0022,15153.66,2020-02-10T02:00:00.000000000,Client 18,2018-01-19T00:00:00.000000000
T000965,C0019,A0013,14947.67,2020-02-10T05:00:00.000000000,Client 19,2018-01-20T00:00:00.000000000
T000966,C0002,A0019,14799.72,2020-02-10T06:00:00.000000000,Client 2,2018-01-03T00:00:00.000000000
T000972,C0050,A0003,10197.29,2020-02-10T12:00:00.000000000,Client 50,2018-02-20T00:00:00.000000000
T000974,C0011,A0013,14931.67,2020-02-10T14:00:00.000000000,Client 11,2018-01-12T00:00:00.000000000
T000977,C0043,A0042,16889.79,2020-02-10T17:00:00.000000000,Client 43,2018-02-13T00:00:00.000000000
T000980,C0077,A0001,16123.24,2020-02-10T20:00:00.000000000,Client 77,2018-03-19T00:00:00.000000000
T000981,C0037,A0039,10287.74,2020-02-10T21:00:00.000000000,Client 37,2018-02-07T00:00:00.000000000
T000982,C0062,A0044,10205.08,2020-02-10T22:00:00.000000000,Client 62,2018-03-04T00:00:00.000000000
T000983,C0082,A0049,14596.02,2020-02-10T23:00:00.000000000,Client 82,2018-03-24T00:00:00.000000000
T000987,C0020,A0019,14560.82,2020-02-11T03:00:00.000000000,Client 20,2018-01-21T00:00:00.000000000
T000988,C0012,A0048,17113.06,2020-02-11T04:00:00.000000000,Client 12,2018-01-13T00:00:00.000000000
T000989,C0091,A0023,15128.64,2020-02-11T05:00:00.000000000,Client 91,2018-04-02T00:00:00.000000000
T000990,C0079,A0045,15285.68,2020-02-11T06:00:00.000000000,Client 79,2018-03-21T00:00:00.000000000
T000995,C0098,A0017,10314.71,2020-02-11T11:00:00.000000000,Client 98,2018-04-09T00:00:00.000000000
T000996,C0058,A0029,11289.4,2020-02-11T12:00:00.000000000,Client 58,2018-02-28T00:00:00.000000000
T000998,C0050,A0040,12545.69,2020-02-11T14:00:00.000000000,Client 50,2018-02-20T00:00:00.000000000
T000999,C0041,A0004,10995.11,2020-02-11T15:00:00.000000000,Client 41,2018-02-11T00:00:00.000000000
